title,category,city_hint,country_hint,action_phrase,confidence,summary,evidence
"New York Court Upholds New Voting Regulations",politics,"New York","United States","upheld new voting regulations",0.9,"A New York court upheld new voting regulations aimed at improving election accessibility and security.","In a landmark ruling on Friday, September 6, 2025, a New York court upheld new voting regulations proposed by the state legislature, marking a significant shift in how elections will be conducted in the state."
"California Senate Votes to Increase Minimum Wage",politics,"Los Angeles","United States","voted overwhelmingly in favor",1.0,"The California State Senate voted overwhelmingly to increase the minimum wage to $20 per hour over the next three years, a significant move in labor policy.","The vote, which concluded with a 32 to 8 tally, comes as lawmakers respond to the ongoing economic pressures faced by low-income workers amid rising living costs in major Californian cities like Los Angeles and San Francisco."
"UK Parliament Approves Controversial Climate Policy in London",politics,London,"United Kingdom","approved the highly contentious Climate Action Initiative",1.0,"The UK Parliament voted to approve the Climate Action Initiative aimed at significantly reducing carbon emissions by 2030.","On Saturday, September 6, 2025, the Parliament of the United Kingdom cast a pivotal vote, approving the highly contentious Climate Action Initiative, which aims to significantly reduce carbon emissions by 2030."
"New York Legislature Passes Comprehensive Mental Health Bill",us_news,"New York","United States","passed a comprehensive mental health bill",1.0,"The New York State Legislature passed a comprehensive mental health bill, expanding access to mental health services and mandating parity between mental and physical health coverage.","In a landmark decision on Thursday, September 5, 2025, the New York State Legislature voted overwhelmingly to pass a comprehensive mental health bill aimed at expanding access to mental health services across the state."
"Los Angeles City Council Votes to Approve Affordable Housing Initiative",us_news,"Los Angeles","United States","voted unanimously to approve",1.0,"The Los Angeles City Council voted to approve an affordable housing initiative aimed at creating over 5,000 new affordable units in the city over the next five years.","In a landmark decision, the Los Angeles City Council voted unanimously on Wednesday to approve a new affordable housing initiative aimed at addressing the city's ongoing housing crisis."
"UK Parliament Approves Historic Climate Investment Bill in London",us_news,London,"United Kingdom","passed the Climate Investment Bill",1.0,"The UK Parliament passed the Climate Investment Bill, committing £3 billion to renewable energy projects.","In a pivotal move towards addressing climate change, the UK Parliament passed the Climate Investment Bill on Saturday, September 6, 2025, thereby committing £3 billion to renewable energy projects over the next five years."
"United Nations Approves New Sanctions on North Korea in New York",world_news,"New York","United States","approved new sanctions",0.9,"The United Nations Security Council approved new sanctions against North Korea in response to recent nuclear tests.","The resolution passed with 13 votes in favor, one against, and one abstention."
"Los Angeles Mayor Unveils Ambitious Climate Action Plan",world_news,"Los Angeles","United States","unveils ambitious climate action plan",0.9,"Los Angeles Mayor Maria Gonzalez announced an ambitious climate action plan aiming for net-zero carbon emissions by 2040 during a press conference.","On Saturday, September 6, 2025, Los Angeles Mayor Maria Gonzalez rolled out a groundbreaking climate action plan aimed at achieving net-zero carbon emissions by 2040."
"London Launches New Climate Initiative to Reduce Urban Emissions",world_news,London,"United Kingdom","launched a new climate initiative",1.0,"The Mayor of London, Sadiq Khan, launched an ambitious climate initiative aimed at reducing urban emissions by 50% by 2030.","On Saturday, September 6, 2025, the City of London announced a groundbreaking initiative aimed at significantly reducing urban emissions over the next decade."
"New York Knicks Acquire Star Player in Blockbuster Trade on September 6, 2025",sports,"New York","United States","acquire star player",1.0,"The New York Knicks acquired star guard Jordan Matthews from the Chicago Bulls in a significant trade.","Knicks President Sarah Johnson announced the deal during a press conference this afternoon, stating, ""Excitement is in the air."""
"Los Angeles Sparks Announce Major Roster Changes Ahead of New Season",sports,"Los Angeles","United States","the signing of three key players",0.95,"The Los Angeles Sparks signed three new players as part of their roster overhaul for the upcoming WNBA season.","The team unveiled their new roster during a press conference held at their training facility in downtown Los Angeles, with General Manager Karen Johnson emphasizing the need for fresh talent to compete at a higher level this season."
"London Set to Host the 2026 Rugby World Cup Finals",sports,London,"United Kingdom","host the finals for the 2026 Rugby World Cup",1.0,"Rugby World Cup Limited announced that London will host the finals of the 2026 Rugby World Cup, utilizing Wembley Stadium as the venue.","In a historic announcement today, the Rugby World Cup organizers revealed that London will host the finals for the 2026 World Cup, bringing the prestigious tournament back to one of its original rugby powerhouses."
"New York Tech Firm Acquires Startup to Boost AI Capabilities",business_economics,"New York","United States","acquired the startup AI Pioneers",1.0,"Tech Innovations Inc. acquired AI Pioneers to enhance its AI capabilities for $50 million.","In a bold move to enhance its artificial intelligence capabilities, Tech Innovations Inc., a leading tech firm based in Manhattan, announced today that it has successfully acquired the startup AI Pioneers for $50 million."
"California Announces New Renewable Energy Initiative in Los Angeles",business_economics,"Los Angeles","United States","launch of a new renewable energy initiative",1.0,"California Governor Emily Thompson announced the launch of the 'California Green Future Project', a new renewable energy initiative aimed at reducing carbon emissions by 40% by 2030.","In a significant move towards sustainability, California Governor Emily Thompson announced the launch of a new renewable energy initiative during a press conference held in downtown Los Angeles on Friday."
"Global Tech Firm Acquires UK Startup in Major Deal",business_economics,London,"United Kingdom","acquisition of BrightFuture Technologies",1.0,"Global Tech Corporation acquired BrightFuture Technologies in a deal valued at £250 million to enhance its AI capabilities.","In a major boost to the UK's innovation landscape, Global Tech Corporation announced on Saturday, September 6, 2025, the acquisition of BrightFuture Technologies, a promising London-based startup known for its groundbreaking advancements in artificial intelligence."
"New York Scientists Announce Breakthrough in Quantum Computing",science,"New York","United States","announced a significant breakthrough",1.0,"A research team led by Dr. Emily Carter announced a significant breakthrough in quantum computing at the New York Institute of Technology, demonstrating a new technique that stabilizes qubits.","The researchers announced a significant breakthrough in the field of quantum computing, paving the way for more powerful and efficient technologies that could transform everything from encryption to artificial intelligence."
"Team of Scientists Discover New Species of Deep-Sea Fish in Los Angeles",science,"Los Angeles","United States","discovered new species",1.0,"A team of marine biologists discovered a new species of deep-sea fish named Luminous Abyssal Ray during an exploratory mission off the coast of Los Angeles.","A team of marine biologists from the California Institute of Oceanography uncovered a new species of deep-sea fish."
"UK Scientists Announce Breakthrough in Quantum Computing",science,London,"United Kingdom","announced a groundbreaking development",1.0,"Dr. Emily Thompson announced a new quantum processor that could significantly enhance computing capabilities.","A team of scientists at the University of London announced a groundbreaking development in quantum computing today, unveiling a new quantum processor that promises to revolutionize data processing capabilities."
"New York Tech Firm Launches Revolutionary AI Device",tech,"New York","United States","launched its groundbreaking AI device",0.9,"Tech Innovations Corp launched its new AI device, SmartSense, in New York City.","Tech Innovations Corp, a leading developer in artificial intelligence technology, has officially launched its groundbreaking AI device, dubbed ""SmartSense,"" at a press event held at the Metropolitan Pavilion on Wednesday."
"Tech Giants Announce Collaborative AI Innovation Hub in Los Angeles",tech,"Los Angeles","United States","establishment of a collaborative AI Innovation Hub",1.0,"Tech companies announced the establishment of a collaborative AI Innovation Hub in Los Angeles, aiming to promote innovation and ethical AI development.","In a landmark initiative that promises to transform the future of artificial intelligence, several leading tech companies announced today the establishment of a collaborative Artificial Intelligence Innovation Hub in Los Angeles."
